"Name","State","Notes","User","Tags","Created","Runtime","alpha","lr_Q","lr_V","lr_all","memory_bypass","n_actions","n_obs","n_states","normalize","num_desired_trajectories","random_feature_dim","reset_every","seed","state_dim","trajectory_length","update_state_given_obs","dseed","env_args.cols","env_args.levels","env_args.rows","env_type","batch_size","d_model","eps_M","hidden_size","include_init_state_info","lr_M","max_iter_M","memory_bias","model","n_heads","reg_M","reg_Q","reg_V","loss","sa_accuracy","sa_conf","sa_dist_ratio","test_accuracy","test_conf","train/epoch_ct","train/loss","train/mloss_p_epoch","train/mloss_p_traj","train/step_ct","train/traj_ct","train_acc","train_conf"
"tree_{'levels': 3}_sdim_1000_rfdim_500_lrV_0.04_seed_69","finished","-","","","2025-01-23T19:30:38.000Z","369","4","0.1","0.04","0.1","","3","7","7","false","1536","500","1","69","1000","12","true","65","","3","","tree","64","","0.001","","","1","1","true","","","0","0","0","","0.8333333333333334","0.5108914251128832","0.5144216607901632","0.5388257575757576","0.3694987012058949","14","NaN","3.943703376885616","NaN","3960","360","0.5375828598484849","0.3704840690374057"
"tree_{'levels': 3}_sdim_200_rfdim_500_lrV_0.04_seed_69","finished","-","","","2025-01-23T19:13:41.000Z","1015","4","0.1","0.04","0.1","","3","7","7","false","1536","500","1","69","200","12","true","65","","3","","tree","64","","0.001","","","1","1","true","","","0","0","0","","0.8333333333333334","0.5494048794110616","0.48443734002600225","0.5620857007575758","0.3997308671016286","40","2.5543932914733887","3.701564192771912","3.7368470322002065","10560","960","0.5464607007575758","0.3911170600709062"
"tree_{'levels': 3}_sdim_100_rfdim_500_lrV_0.04_seed_69","finished","-","","","2025-01-23T19:05:57.000Z","463","4","0.1","0.04","0.1","","3","7","7","false","1536","500","1","69","100","12","true","65","","3","","tree","64","","0.001","","","1","1","true","","","0","0","0","","0.8333333333333334","0.4677522052079439","0.5648000081734013","0.4660866477272727","0.32493770126741034","25","NaN","3.8626105681513296","NaN","6864","624","0.45928030303030304","0.32121793355741884"
"tree_{'levels': 3}_sdim_20_rfdim_500_lrV_0.04_seed_69","finished","-","","","2025-01-23T18:57:17.000Z","518","4","0.1","0.04","0.1","","3","7","7","false","1536","500","1","69","20","12","true","65","","3","","tree","64","","0.001","","","1","1","true","","","0","0","0","","0.75","0.6365122669376433","0.4561280205589034","0.6336410984848485","0.500206222788446","40","1.3700311183929443","2.88225642072432","2.4989392323927446","10560","960","0.6336410984848485","0.5043418875119414"
"tree_{'levels': 3}_sdim_1000_rfdim_500_lrV_0.04_seed_68","finished","-","","","2025-01-23T18:40:49.000Z","986","4","0.1","0.04","0.1","","3","7","7","false","1536","500","1","68","1000","12","true","65","","3","","tree","64","","0.001","","","1","1","true","","","0","0","0","","0.8333333333333334","0.4851091094315052","0.5197522532564179","0.5018347537878788","0.34616641384662794","36","NaN","3.843532292680307","NaN","9768","888","0.5078125","0.35262600563745156"
"tree_{'levels': 3}_sdim_200_rfdim_500_lrV_0.04_seed_68","finished","-","","","2025-01-23T18:22:56.000Z","1072","4","0.1","0.04","0.1","","3","7","7","false","1536","500","1","68","200","12","true","65","","3","","tree","64","","0.001","","","1","1","true","","","0","0","0","","0.8333333333333334","0.4848284460604191","0.541308795652882","0.5201231060606061","0.3659274528343675","40","2.095360279083252","3.1681261961207245","3.4979653575203637","10560","960","0.5108901515151515","0.3592540614278291"
"tree_{'levels': 3}_sdim_100_rfdim_500_lrV_0.04_seed_68","finished","-","","","2025-01-23T18:16:05.000Z","409","4","0.1","0.04","0.1","","3","7","7","false","1536","500","1","68","100","12","true","65","","3","","tree","64","","0.001","","","1","1","true","","","0","0","0","","0.75","0.36700946434090537","0.5841067167053848","0.3552911931818182","0.26703856211982685","40","1.6028227806091309","2.8326133295442117","2.8093323599208486","10560","960","0.3443418560606061","0.25923615896273544"
"tree_{'levels': 3}_sdim_20_rfdim_500_lrV_0.04_seed_68","finished","-","","","2025-01-23T18:13:34.000Z","150","4","0.1","0.04","0.1","","3","7","7","false","1536","500","1","68","20","12","true","65","","3","","tree","64","","0.001","","","1","1","true","","","0","0","0","","0.8333333333333334","0.5219022321204344","0.4885326188285035","0.5599550189393939","0.38475750114444607","15","NaN","3.526636172198888","NaN","4224","384","0.5533262310606061","0.379956634704885"
"tree_{'levels': 3}_sdim_1000_rfdim_500_lrV_0.04_seed_67","finished","-","","","2025-01-23T17:59:18.000Z","855","4","0.1","0.04","0.1","","3","7","7","false","1536","500","1","67","1000","12","true","65","","3","","tree","64","","0.001","","","1","1","true","","","0","0","0","","0.8333333333333334","0.5353764072060585","0.49367156598309087","0.5366358901515151","0.3975444962520049","40","2.5405306816101074","3.4426048348347345","3.9353514151139697","10560","960","0.5419034090909091","0.4039658095629847"
"tree_{'levels': 3}_sdim_200_rfdim_500_lrV_0.04_seed_67","finished","-","","","2025-01-23T17:56:24.000Z","173","4","0.1","0.04","0.1","","3","7","7","false","1536","500","1","67","200","12","true","65","","3","","tree","64","","0.001","","","1","1","true","","","0","0","0","","0.8333333333333334","0.497106888021032","0.5142387893742453","0.4874526515151515","0.3428090374083805","14","NaN","4.012614284500931","NaN","3960","360","0.4931936553030303","0.3483491794399511"
"tree_{'levels': 3}_sdim_100_rfdim_500_lrV_0.04_seed_67","finished","-","","","2025-01-23T17:53:10.000Z","193","4","0.1","0.04","0.1","","3","7","7","false","1536","500","1","67","100","12","true","65","","3","","tree","64","","0.001","","","1","1","true","","","0","0","0","","0.8333333333333334","0.5499674044549465","0.5113252691466835","0.5075757575757576","0.3737462523461848","19","NaN","3.853669445623051","NaN","5280","480","0.5048532196969697","0.3694813514813232"
"tree_{'levels': 3}_sdim_20_rfdim_500_lrV_0.04_seed_67","finished","-","","","2025-01-23T17:47:51.000Z","318","4","0.1","0.04","0.1","","3","7","7","false","1536","500","1","67","20","12","true","65","","3","","tree","64","","0.001","","","1","1","true","","","0","0","0","","0.75","0.5345841590315104","0.49744845553740896","0.5350378787878788","0.37883335159143494","40","2.526916980743408","3.044336633700313","3.4090401476079766","10560","960","0.5342092803030303","0.3806649091757002"
"tree_{'levels': 3}_sdim_1000_rfdim_500_lrV_0.04_seed_66","finished","-","","","2025-01-23T17:34:58.000Z","772","4","0.1","0.04","0.1","","3","7","7","false","1536","500","1","66","1000","12","true","65","","3","","tree","64","","0.001","","","1","1","true","","","0","0","0","","0.9166666666666666","0.6905417690674464","0.4178894152188288","0.628610321969697","0.5014674348390334","40","3.3178257942199707","4.233656330542131","4.30830268426375","10560","960","0.6287878787878788","0.4979524657270453"
"tree_{'levels': 3}_sdim_200_rfdim_500_lrV_0.04_seed_66","finished","-","","","2025-01-23T17:27:07.000Z","469","4","0.1","0.04","0.1","","3","7","7","false","1536","500","1","66","200","12","true","65","","3","","tree","64","","0.001","","","1","1","true","","","0","0","0","","0.75","0.5035439655184746","0.5158317751721286","0.5004142992424242","0.3570034401524839","33","NaN","3.880832673925342","NaN","8976","816","0.5191761363636364","0.3679398091942748"
"tree_{'levels': 3}_sdim_100_rfdim_500_lrV_0.04_seed_66","finished","-","","","2025-01-23T17:20:41.000Z","384","4","0.1","0.04","0.1","","3","7","7","false","1536","500","1","66","100","12","true","65","","3","","tree","64","","0.001","","","1","1","true","","","0","0","0","","0.8333333333333334","0.4922289034972589","0.5405966899884032","0.474609375","0.338782361688073","40","1.5755665302276611","3.0729175733797476","2.7890370325608687","10560","960","0.46922348484848486","0.3373227955006507"
"tree_{'levels': 3}_sdim_20_rfdim_500_lrV_0.04_seed_66","finished","-","","","2025-01-23T17:17:26.000Z","194","4","0.1","0.04","0.1","","3","7","7","false","1536","500","1","66","20","12","true","65","","3","","tree","64","","0.001","","","1","1","true","","","0","0","0","","0.8333333333333334","0.43241282800833386","0.5359099238741639","0.40086410984848486","0.299876342363377","26","NaN","3.8007803545756778","NaN","7128","648","0.39494554924242425","0.2969449827339414"
"grid_{'rows': 3, 'cols': 3}_sdim_1000_rfdim_1000_lrV_0.04_seed_69","finished","-","","","2025-01-23T14:15:55.000Z","3285","4","0.1","0.04","0.1","","4","9","9","false","1536","1000","1","69","1000","12","true","65","3","","3","grid","64","","0.001","","","1","1","true","","","0","0","0","","1","0.7506039043267568","0.10044606417149868","0.9211055871212122","0.6686903029904987","40","0.9884791374206544","2.1863735873590815","2.091701014475389","10560","960","0.9153645833333334","0.6652312597111218"
"grid_{'rows': 3, 'cols': 3}_sdim_200_rfdim_1000_lrV_0.04_seed_69","finished","-","","","2025-01-23T13:29:14.000Z","2800","4","0.1","0.04","0.1","","4","9","9","false","1536","1000","1","69","200","12","true","65","3","","3","grid","64","","0.001","","","1","1","true","","","0","0","0","","1","0.7695886492729187","0.09889027057585908","0.9329427083333334","0.6968577548643955","40","0.9225271940231324","2.2937720046576224","2.2851198098876258","10560","960","0.9269649621212122","0.6938531852636061"
"grid_{'rows': 3, 'cols': 3}_sdim_100_rfdim_1000_lrV_0.04_seed_69","finished","-","","","2025-01-23T13:07:33.000Z","1299","4","0.1","0.04","0.1","","4","9","9","false","1536","1000","1","69","100","12","true","65","3","","3","grid","64","","0.001","","","1","1","true","","","0","0","0","","1","0.7424129818876585","0.11285362052379982","0.9373224431818182","0.6643363795374584","40","0.904478132724762","2.3824180704400395","2.4479477351362053","10560","960","0.937204071969697","0.6656986946006782"
"grid_{'rows': 3, 'cols': 3}_sdim_20_rfdim_1000_lrV_0.04_seed_69","finished","-","","","2025-01-23T12:36:40.000Z","1851","4","0.1","0.04","0.1","","4","9","9","false","1536","1000","1","69","20","12","true","65","3","","3","grid","64","","0.001","","","1","1","true","","","0","0","0","","1","0.7273818800846735","0.1329632635784539","0.9288589015151516","0.6415829858047029","40","1.2563636302947998","2.580391351923798","2.469467542388222","10560","960","0.9365530303030304","0.6472296402780282"
"grid_{'rows': 3, 'cols': 3}_sdim_1000_rfdim_1000_lrV_0.04_seed_68","finished","-","","","2025-01-23T11:44:29.000Z","3130","4","0.1","0.04","0.1","","4","9","9","false","1536","1000","1","68","1000","12","true","65","3","","3","grid","64","","0.001","","","1","1","true","","","0","0","0","","1","0.765899658203125","0.1556183044049603","0.9158972537878788","0.6768440423202127","40","1.1960628032684326","2.4734310738065024","2.6565568230368872","10560","960","0.9196851325757576","0.6815430547783652"
"grid_{'rows': 3, 'cols': 3}_sdim_200_rfdim_1000_lrV_0.04_seed_68","finished","-","","","2025-01-23T11:08:59.000Z","2128","4","0.1","0.04","0.1","","4","9","9","false","1536","1000","1","68","200","12","true","65","3","","3","grid","64","","0.001","","","1","1","true","","","0","0","0","","1","0.7610163117448489","0.1159154533550432","0.923236268939394","0.682387437082315","40","0.4923691749572754","2.390945122549028","2.2848691777749495","10560","960","0.9200402462121212","0.6798942738396088"
"grid_{'rows': 3, 'cols': 3}_sdim_100_rfdim_1000_lrV_0.04_seed_68","finished","-","","","2025-01-23T10:34:37.000Z","2061","4","0.1","0.04","0.1","","4","9","9","false","1536","1000","1","68","100","12","true","65","3","","3","grid","64","","0.001","","","1","1","true","","","0","0","0","","1","0.7365126013755798","0.11614631892559844","0.9450757575757576","0.6650363684680638","40","1.0431283712387085","2.28328852694143","2.147396542809226","10560","960","0.9456676136363636","0.6659989144141795"
"grid_{'rows': 3, 'cols': 3}_sdim_20_rfdim_1000_lrV_0.04_seed_68","finished","-","","","2025-01-23T10:09:22.000Z","1513","4","0.1","0.04","0.1","","4","9","9","false","1536","1000","1","68","20","12","true","65","3","","3","grid","64","","0.001","","","1","1","true","","","0","0","0","","1","0.7068528110782305","0.13216018702179164","0.9011008522727272","0.6079449249819349","40","3.1000773906707764","3.8798335217165225","4.080429662357677","10560","960","0.9031131628787878","0.6095850962521554"
"grid_{'rows': 3, 'cols': 3}_sdim_1000_rfdim_1000_lrV_0.04_seed_67","finished","-","","","2025-01-23T09:10:22.000Z","3539","4","0.1","0.04","0.1","","4","9","9","false","1536","1000","1","67","1000","12","true","65","3","","3","grid","64","","0.001","","","1","1","true","","","0","0","0","","1","0.7540063584844271","0.10845603389470136","0.9312263257575758","0.6829849104076299","40","1.9077765941619873","2.96307936130148","2.7162801894274624","10560","960","0.9259588068181818","0.6795594932165296"
"grid_{'rows': 3, 'cols': 3}_sdim_200_rfdim_1000_lrV_0.04_seed_67","finished","-","","","2025-01-23T08:34:36.000Z","2145","4","0.1","0.04","0.1","","4","9","9","false","1536","1000","1","67","200","12","true","65","3","","3","grid","64","","0.001","","","1","1","true","","","0","0","0","","1","0.7534780353307724","0.11149177819277936","0.9431226325757576","0.677383984337687","40","1.3047720193862915","2.521638935714057","2.603451663797552","10560","960","0.945016571969697","0.6796424275387518"
"grid_{'rows': 3, 'cols': 3}_sdim_100_rfdim_1000_lrV_0.04_seed_67","finished","-","","","2025-01-23T08:07:36.000Z","1619","4","0.1","0.04","0.1","","4","9","9","false","1536","1000","1","67","100","12","true","65","3","","3","grid","64","","0.001","","","1","1","true","","","0","0","0","","1","0.7551925008495649","0.11216553237238924","0.9329427083333334","0.683378011923513","40","0.8781224489212036","2.248045022288958","2.274458029053428","10560","960","0.9356060606060606","0.685991429148723"
"grid_{'rows': 3, 'cols': 3}_sdim_20_rfdim_1000_lrV_0.04_seed_67","finished","-","","","2025-01-23T07:31:39.000Z","2156","4","0.1","0.04","0.1","","4","9","9","false","1536","1000","1","67","20","12","true","65","3","","3","grid","64","","0.001","","","1","1","true","","","0","0","0","","1","0.7375249514977137","0.09551660848566208","0.9326467803030304","0.6649674168615589","40","0.7900791764259338","2.2114789814998708","2.188076523217288","10560","960","0.9362571022727272","0.6688281024522839"
"grid_{'rows': 3, 'cols': 3}_sdim_1000_rfdim_1000_lrV_0.04_seed_66","finished","-","","","2025-01-23T06:47:54.000Z","2624","4","0.1","0.04","0.1","","4","9","9","false","1536","1000","1","66","1000","12","true","65","3","","3","grid","64","","0.001","","","1","1","true","","","0","0","0","","1","0.7618526245156924","0.10377469630770376","0.9105705492424242","0.6718459745048835","40","1.176336407661438","2.383428803221746","2.2556328773498535","10560","960","0.9047703598484848","0.6691950025407873"
"grid_{'rows': 3, 'cols': 3}_sdim_200_rfdim_1000_lrV_0.04_seed_66","finished","-","","","2025-01-23T06:05:23.000Z","2550","4","0.1","0.04","0.1","","4","9","9","false","1536","1000","1","66","200","12","true","65","3","","3","grid","64","","0.001","","","1","1","true","","","0","0","0","","1","0.7640208750963211","0.12996144936580656","0.9172585227272728","0.6786339373073229","40","1.6666299104690552","2.8296097119649253","2.88449105349454","10560","960","0.9138849431818182","0.6767747907491053"
"grid_{'rows': 3, 'cols': 3}_sdim_100_rfdim_1000_lrV_0.04_seed_66","finished","-","","","2025-01-23T05:30:17.000Z","2105","4","0.1","0.04","0.1","","4","9","9","false","1536","1000","1","66","100","12","true","65","3","","3","grid","64","","0.001","","","1","1","true","","","0","0","0","","1","0.7862274174888929","0.11626010860325364","0.8980232007575758","0.6912686359472707","40","0.8022884726524353","2.730199095877734","2.791803083636544","10560","960","0.8934067234848485","0.6876325302860371"
"grid_{'rows': 3, 'cols': 3}_sdim_20_rfdim_1000_lrV_0.04_seed_66","finished","-","","","2025-01-23T05:22:02.000Z","494","4","0.1","0.04","0.1","","4","9","9","false","1536","1000","1","66","20","12","true","65","3","","3","grid","64","","0.001","","","1","1","true","","","0","0","0","","1","0.7382554883758227","0.14549648630239556","0.9084398674242424","0.6389828935911641","40","1.1856904029846191","2.2328805557706137","2.304862520911477","10560","960","0.9083214962121212","0.6401480073131179"
"tree_{'levels': 3}_sdim_20_rfdim_1000_lrV_0.1_seed_69","finished","-","","","2025-01-23T05:03:39.000Z","195","4","0.1","0.1","0.1","","3","7","7","false","1536","1000","1","69","20","12","true","65","","3","","tree","64","","0.001","","","1","1","true","","","0","0","0","","0.5833333333333334","0.4705725001792113","0.7135434979277141","0.3953006628787879","0.3328663034351462","18","NaN","3.274170777562893","NaN","5016","456","0.4024621212121212","0.33654616204076965"
"tree_{'levels': 3}_sdim_20_rfdim_1000_lrV_0.08_seed_69","finished","-","","","2025-01-23T04:58:09.000Z","328","4","0.1","0.08","0.1","","3","7","7","false","1536","1000","1","69","20","12","true","65","","3","","tree","64","","0.001","","","1","1","true","","","0","0","0","","0.75","0.5847744224593043","0.7117503813125268","0.4753787878787879","0.3800169980493121","32","NaN","3.873010484106613","NaN","8712","792","0.4738991477272727","0.38007454029437066"
"tree_{'levels': 3}_sdim_20_rfdim_1000_lrV_0.04_seed_69","finished","-","","","2025-01-23T04:51:16.000Z","412","4","0.1","0.04","0.1","","3","7","7","false","1536","1000","1","69","20","12","true","65","","3","","tree","64","","0.001","","","1","1","true","","","0","0","0","","0.8333333333333334","0.5332471864918867","0.5218188572373984","0.5392400568181818","0.3830851038781537","40","2.618746519088745","2.9642683732690234","3.2904082536697388","10560","960","0.5360440340909091","0.38102124408905613"
"tree_{'levels': 3}_sdim_20_rfdim_1000_lrV_0.02_seed_69","finished","-","","","2025-01-23T04:44:03.000Z","432","4","0.1","0.02","0.1","","3","7","7","false","1536","1000","1","69","20","12","true","65","","3","","tree","64","","0.001","","","1","1","true","","","0","0","0","","0.8333333333333334","0.6415142863988876","0.49551704562985766","0.6125118371212122","0.4531218495111971","40","2.1197915077209473","2.997240790815064","3.298221468925476","10560","960","0.6123934659090909","0.454706605270732"
"tree_{'levels': 3}_sdim_20_rfdim_1000_lrV_0.1_seed_68","finished","-","","","2025-01-23T04:39:22.000Z","280","4","0.1","0.1","0.1","","3","7","7","false","1536","1000","1","68","20","12","true","65","","3","","tree","64","","0.001","","","1","1","true","","","0","0","0","","0.8333333333333334","0.5781752411276102","0.6621208754147186","0.5339725378787878","0.4190599269308977","22","NaN","3.8717090135270897","NaN","6072","552","0.523733428030303","0.4134622159369383"
"tree_{'levels': 3}_sdim_20_rfdim_1000_lrV_0.08_seed_68","finished","-","","","2025-01-23T04:35:41.000Z","219","4","0.1","0.08","0.1","","3","7","7","false","1536","1000","1","68","20","12","true","65","","3","","tree","64","","0.001","","","1","1","true","","","0","0","0","","0.8333333333333334","0.5810473865518967","0.6511998545559986","0.4973958333333333","0.409629595741094","16","NaN","3.809127934954383","NaN","4488","408","0.5011837121212122","0.41359631188842366"
"tree_{'levels': 3}_sdim_20_rfdim_1000_lrV_0.04_seed_68","finished","-","","","2025-01-23T04:30:47.000Z","293","4","0.1","0.04","0.1","","3","7","7","false","1536","1000","1","68","20","12","true","65","","3","","tree","64","","0.001","","","1","1","true","","","0","0","0","","0.8333333333333334","0.5257146582007408","0.4950529254224352","0.5583570075757576","0.3854917684358752","24","NaN","3.8895758756182417","NaN","6600","600","0.5417850378787878","0.37766028164741894"
"tree_{'levels': 3}_sdim_20_rfdim_1000_lrV_0.02_seed_68","finished","-","","","2025-01-23T04:25:12.000Z","334","4","0.1","0.02","0.1","","3","7","7","false","1536","1000","1","68","20","12","true","65","","3","","tree","64","","0.001","","","1","1","true","","","0","0","0","","0.9166666666666666","0.6593984067440033","0.4368474929869854","0.6689157196969697","0.470985920583065","30","NaN","3.8901205117052258","NaN","8184","744","0.6454190340909091","0.4587282845320302"
"tree_{'levels': 3}_sdim_20_rfdim_1000_lrV_0.1_seed_67","finished","-","","","2025-01-23T04:17:52.000Z","439","4","0.1","0.1","0.1","","3","7","7","false","1536","1000","1","67","20","12","true","65","","3","","tree","64","","0.001","","","1","1","true","","","0","0","0","","0.5833333333333334","0.4459772690708708","0.8198355042227945","0.46330492424242425","0.38148773152662135","40","1.823819875717163","3.3109913233554726","3.094919139688665","10560","960","0.4508167613636363","0.3707093792834395"
"tree_{'levels': 3}_sdim_20_rfdim_1000_lrV_0.08_seed_67","finished","-","","","2025-01-23T04:09:52.000Z","478","4","0.1","0.08","0.1","","3","7","7","false","1536","1000","1","67","20","12","true","65","","3","","tree","64","","0.001","","","1","1","true","","","0","0","0","","0.5833333333333334","0.5049474738997238","0.5530010838014979","0.4728929924242424","0.3751311868365423","40","1.5196861028671265","2.6050064717278336","2.642024527896534","10560","960","0.4794034090909091","0.3789983176666214"
"tree_{'levels': 3}_sdim_20_rfdim_1000_lrV_0.04_seed_67","finished","-","","","2025-01-23T03:50:20.000Z","1171","4","0.1","0.04","0.1","","3","7","7","false","1536","1000","1","67","20","12","true","65","","3","","tree","64","","0.001","","","1","1","true","","","0","0","0","","0.4166666666666667","0.3286762331748226","0.9386796831331798","0.3438091856060606","0.2689741295460849","40","1.8676995038986208","2.9289249073375356","3.0265489383177324","10560","960","0.3291903409090909","0.26138570286170626"
"tree_{'levels': 3}_sdim_20_rfdim_1000_lrV_0.02_seed_67","finished","-","","","2025-01-23T03:23:56.000Z","1583","4","0.1","0.02","0.1","","3","7","7","false","1536","1000","1","67","20","12","true","65","","3","","tree","64","","0.001","","","1","1","true","","","0","0","0","","0.9166666666666666","0.7208401275177797","0.4699134329254483","0.6508641098484849","0.5127373094053038","23","NaN","3.849308335419857","NaN","6336","576","0.6532315340909091","0.513215929830129"
"tree_{'levels': 3}_sdim_20_rfdim_1000_lrV_0.1_seed_66","finished","-","","","2025-01-23T03:16:56.000Z","418","4","0.1","0.1","0.1","","3","7","7","false","1536","1000","1","66","20","12","true","65","","3","","tree","64","","0.001","","","1","1","true","","","0","0","0","","0.6666666666666666","0.5013887621462345","0.6070936855348431","0.4021661931818182","0.34142196750654175","18","NaN","3.8604436868971046","NaN","5016","456","0.4147727272727273","0.351757071235473"
"tree_{'levels': 3}_sdim_20_rfdim_1000_lrV_0.08_seed_66","finished","-","","","2025-01-23T03:08:30.000Z","505","4","0.1","0.08","0.1","","3","7","7","false","1536","1000","1","66","20","12","true","65","","3","","tree","64","","0.001","","","1","1","true","","","0","0","0","","0.6666666666666666","0.4490143078415372","0.7025096523684898","0.3803267045454546","0.3011897850494251","40","1.975351095199585","2.897703950152253","2.968585567040877","10560","960","0.3773082386363637","0.2987893376232478"
"tree_{'levels': 3}_sdim_20_rfdim_1000_lrV_0.04_seed_66","finished","-","","","2025-01-23T02:00:49.000Z","4059","4","0.1","0.04","0.1","","3","7","7","false","1536","1000","1","66","20","12","true","65","","3","","tree","64","","0.001","","","1","1","true","","","0","0","0","","0.8333333333333334","0.524608738720417","0.479528846567943","0.5155658143939394","0.37895539000732575","40","1.6382218599319458","2.747971585302642","2.668746829032898","10560","960","0.5049124053030303","0.3735573569904628"
"tree_{'levels': 3}_sdim_20_rfdim_1000_lrV_0.02_seed_66","finished","-","","","2025-01-23T01:52:23.000Z","505","4","0.1","0.02","0.1","","3","7","7","false","1536","1000","1","66","20","12","true","65","","3","","tree","64","","0.001","","","1","1","true","","","0","0","0","","0.6666666666666666","0.443170686562856","0.48015489701523056","0.4063683712121212","0.31711493626249704","40","1.970685362815857","3.02508972223961","3.154231320727955","10560","960","0.3983783143939394","0.31229353882896027"
"grid_{'rows': 3, 'cols': 3}_sdim_20_rfdim_2000_lrV_0.1_seed_69","finished","-","","","2025-01-23T00:13:33.000Z","685","4","0.1","0.1","0.1","","4","9","9","false","1536","2000","1","69","20","12","true","65","3","","3","grid","64","","0.001","","","1","1","true","","","0","0","0","","1","0.8038957814375559","0.09220499828845548","0.9124644886363636","0.7187205107779364","40","1.4935165643692017","2.334468286145817","2.275826567953283","10560","960","0.9080847537878788","0.7166589545460469"
"grid_{'rows': 3, 'cols': 3}_sdim_20_rfdim_2000_lrV_0.08_seed_69","finished","-","","","2025-01-23T00:02:50.000Z","642","4","0.1","0.08","0.1","","4","9","9","false","1536","2000","1","69","20","12","true","65","3","","3","grid","64","","0.001","","","1","1","true","","","0","0","0","","1","0.7549504265189171","0.0624533647618658","0.9156013257575758","0.6692308352754398","40","1.3529804944992063","2.5404223737617335","2.5521927204999058","10560","960","0.9103929924242424","0.6666620354815498"
"grid_{'rows': 3, 'cols': 3}_sdim_20_rfdim_2000_lrV_0.04_seed_69","finished","-","","","2025-01-22T23:50:31.000Z","738","4","0.1","0.04","0.1","","4","9","9","false","1536","2000","1","69","20","12","true","65","3","","3","grid","64","","0.001","","","1","1","true","","","0","0","0","","1","0.7444651102026304","0.1264260388285725","0.9263139204545454","0.6623426384242962","40","1.1116775274276731","2.424912370064042","2.3304901014674795","10560","960","0.920513731060606","0.6588411419442323"
"grid_{'rows': 3, 'cols': 3}_sdim_20_rfdim_2000_lrV_0.02_seed_69","finished","-","","","2025-01-22T23:38:10.000Z","739","4","0.1","0.02","0.1","","4","9","9","false","1536","2000","1","69","20","12","true","65","3","","3","grid","64","","0.001","","","1","1","true","","","0","0","0","","1","0.7852020214001337","0.24601898210247028","0.9296283143939394","0.710731538911177","40","1.2137759923934937","2.183965916999362","2.3103267550468445","10560","960","0.9287405303030304","0.7103007186934092"
"grid_{'rows': 3, 'cols': 3}_sdim_20_rfdim_2000_lrV_0.1_seed_68","finished","-","","","2025-01-22T23:23:21.000Z","887","4","0.1","0.1","0.1","","4","9","9","false","1536","2000","1","68","20","12","true","65","3","","3","grid","64","","0.001","","","1","1","true","","","0","0","0","","1","0.746213361620903","0.1002332654921489","0.9196851325757576","0.6648296401413184","40","1.1166706085205078","2.231549541268385","2.3469200242649424","10560","960","0.920513731060606","0.6671114974417085"
"grid_{'rows': 3, 'cols': 3}_sdim_20_rfdim_2000_lrV_0.08_seed_68","finished","-","","","2025-01-22T22:38:06.000Z","2714","4","0.1","0.08","0.1","","4","9","9","false","1536","2000","1","68","20","12","true","65","3","","3","grid","64","","0.001","","","1","1","true","","","0","0","0","","1","0.7814813231428465","0.07608301428048149","0.9142400568181818","0.6996216009121857","40","1.2123963832855225","2.263275948437778","2.2207141030918467","10560","960","0.9195667613636364","0.7048771188880313"
"grid_{'rows': 3, 'cols': 3}_sdim_20_rfdim_2000_lrV_0.04_seed_68","finished","-","","","2025-01-22T22:18:32.000Z","1173","4","0.1","0.04","0.1","","4","9","9","false","1536","2000","1","68","20","12","true","65","3","","3","grid","64","","0.001","","","1","1","true","","","0","0","0","","1","0.778822086751461","0.0962559921628411","0.8917495265151515","0.6825255792984921","40","2.5706894397735596","3.2892947738820855","3.136753049763766","10560","960","0.8920454545454546","0.6834911817589369"
"grid_{'rows': 3, 'cols': 3}_sdim_20_rfdim_2000_lrV_0.02_seed_68","finished","-","","","2025-01-22T22:06:10.000Z","740","4","0.1","0.02","0.1","","4","9","9","false","1536","2000","1","68","20","12","true","65","3","","3","grid","64","","0.001","","","1","1","true","","","0","0","0","","1","0.761573076248169","0.2352616212022045","0.9070194128787878","0.6710524052148988","40","1.487863540649414","2.5850689128944366","2.635590564120899","10560","960","0.9070194128787878","0.671670290068133"
"grid_{'rows': 3, 'cols': 3}_sdim_20_rfdim_2000_lrV_0.1_seed_67","finished","-","","","2025-01-22T21:55:28.000Z","640","4","0.1","0.1","0.1","","4","9","9","false","1536","2000","1","67","20","12","true","65","3","","3","grid","64","","0.001","","","1","1","true","","","0","0","0","","1","0.7719541738430659","0.10236375786269754","0.9145951704545454","0.6910212446126225","40","3.2106480598449707","3.651040347236576","3.630775755101984","10560","960","0.9198626893939394","0.6951325841951557"
"grid_{'rows': 3, 'cols': 3}_sdim_20_rfdim_2000_lrV_0.08_seed_67","finished","-","","","2025-01-22T21:45:11.000Z","615","4","0.1","0.08","0.1","","4","9","9","false","1536","2000","1","67","20","12","true","65","3","","3","grid","64","","0.001","","","1","1","true","","","0","0","0","","1","0.7332141349713007","0.07342122381135611","0.9167850378787878","0.6487091292793442","40","1.2193390130996704","2.1528379144993695","2.220149939710444","10560","960","0.921579071969697","0.6528742383724709"
"grid_{'rows': 3, 'cols': 3}_sdim_20_rfdim_2000_lrV_0.04_seed_67","finished","-","","","2025-01-22T21:29:51.000Z","919","4","0.1","0.04","0.1","","4","9","9","false","1536","2000","1","67","20","12","true","65","3","","3","grid","64","","0.001","","","1","1","true","","","0","0","0","","1","0.7385919714967409","0.09960961148389308","0.9190932765151516","0.6543595195317707","40","1.3424957990646362","2.4431092224337836","2.6999284462495283","10560","960","0.9219341856060606","0.656043649289779"
"grid_{'rows': 3, 'cols': 3}_sdim_20_rfdim_2000_lrV_0.02_seed_67","finished","-","","","2025-01-22T21:13:41.000Z","968","4","0.1","0.02","0.1","","4","9","9","false","1536","2000","1","67","20","12","true","65","3","","3","grid","64","","0.001","","","1","1","true","","","0","0","0","","1","0.7376229912042618","0.22517087798345536","0.9286221590909092","0.6477986246393977","40","1.0307433605194092","2.312887525129499","2.557719664140181","10560","960","0.9312263257575758","0.6506262275604926"
"grid_{'rows': 3, 'cols': 3}_sdim_20_rfdim_2000_lrV_0.1_seed_66","finished","-","","","2025-01-22T20:55:09.000Z","1110","4","0.1","0.1","0.1","","4","9","9","false","1536","2000","1","66","20","12","true","65","3","","3","grid","64","","0.001","","","1","1","true","","","0","0","0","","1","0.7932570204138756","0.10098707737742874","0.9113399621212122","0.7055510329972655","40","0.721095860004425","2.664231764434865","2.6678507192568346","10560","960","0.912701231060606","0.7067358302200081"
"grid_{'rows': 3, 'cols': 3}_sdim_20_rfdim_2000_lrV_0.08_seed_66","finished","-","","","2025-01-22T20:38:36.000Z","992","4","0.1","0.08","0.1","","4","9","9","false","1536","2000","1","66","20","12","true","65","3","","3","grid","64","","0.001","","","1","1","true","","","0","0","0","","1","0.7410284131765366","0.07706912383034999","0.9088541666666666","0.6475115867500356","40","0.7744702100753784","2.2725381670576152","2.3029432784427297","10560","960","0.9098011363636364","0.6484189227537902"
"grid_{'rows': 3, 'cols': 3}_sdim_20_rfdim_2000_lrV_0.04_seed_66","finished","-","","","2025-01-22T20:20:12.000Z","1103","4","0.1","0.04","0.1","","4","9","9","false","1536","2000","1","66","20","12","true","65","3","","3","grid","64","","0.001","","","1","1","true","","","0","0","0","","1","0.7332140306631724","0.12429695294719494","0.9225852272727272","0.6443159646040785","40","1.23520827293396","2.7166632470307928","2.8876526138999243","10560","960","0.920513731060606","0.6439675439408582"
"grid_{'rows': 3, 'cols': 3}_sdim_20_rfdim_2000_lrV_0.02_seed_66","finished","-","","","2025-01-22T20:01:35.000Z","1116","4","0.1","0.02","0.1","","4","9","9","false","1536","2000","1","66","20","12","true","65","3","","3","grid","64","","0.001","","","1","1","true","","","0","0","0","","1","0.7699473624428114","0.26546178266938075","0.92578125","0.6911627797749306","40","0.7874681949615479","2.359791581829389","2.527805902741172","10560","960","0.9340080492424242","0.6960985057543487"